{
    "Days": [
        {
            "date": "2020-02-26",
            "UCT_lunch": "test",
            "party_beers": "party",
            "out_about": "out",
            "lunch": "test"
        },
        {
            "date": "2020-02-27",
            "UCT_lunch": "lunch",
            "party_beers": "party",
            "out_about": "out"
        },
        {
            "date": "2020-02-26",
            "UCT_lunch": "test",
            "party_beers": "test",
            "out_about": "test"
        }
    ]
}